{
  "collabMessagesAdd.defs.ts": [],
  "collabMessagesAdd.test.ts": [
    "./_100554_tsTestAST"
  ],
  "collabMessagesAdd.ts": [
    "lit",
    "lit/decorators.js",
    "/_100554_/l2/stateLitElement.js",
    "/_100554_/l2/aiAgentHelper.js",
    "/_100554_/l2/aiAgentBase.js",
    "/_102025_/l2/collabMessagesIndexedDB.js",
    "/_102025_/l2/collabMessagesHelper.js",
    "/_102025_/l2/collabMessagesInputTag.js",
    "/_102025_/l2/collabMessagesInputTag.js"
  ],
  "collabMessagesAddParticipant.defs.ts": [],
  "collabMessagesAddParticipant.test.ts": [
    "./_100554_tsTestAST"
  ],
  "collabMessagesAddParticipant.ts": [
    "lit",
    "lit/decorators.js",
    "/_100554_/l2/stateLitElement.js",
    "/_102025_/l2/collabMessagesIndexedDB.js",
    "/_100554_/l2/aiAgentHelper.js"
  ],
  "collabMessagesAvatar.defs.ts": [],
  "collabMessagesAvatar.test.ts": [
    "./_100554_tsTestAST"
  ],
  "collabMessagesAvatar.ts": [
    "lit",
    "lit/decorators.js",
    "/_100554_/l2/stateLitElement.js",
    "/_102025_/l2/collabMessagesIcons.js"
  ],
  "collabMessagesChangeAvatar.defs.ts": [],
  "collabMessagesChangeAvatar.test.ts": [
    "./_100554_tsTestAST"
  ],
  "collabMessagesChangeAvatar.ts": [
    "lit",
    "lit/decorators.js",
    "/_100554_/l2/stateLitElement.js",
    "/_100554_/l2/aiAgentBase.js",
    "/_100554_/l2/aiAgentHelper.js",
    "/_102025_/l2/collabMessagesHelper.js"
  ],
  "collabMessagesChat.defs.ts": [],
  "collabMessagesChat.test.ts": [
    "./_100554_tsTestAST"
  ],
  "collabMessagesChat.ts": [
    "lit",
    "lit/decorators.js",
    "/_102025_/l2/collabMessagesIcons.js",
    "/_102025_/l2/collabMessagesSyncNotifications.js",
    "/_100554_/l2/libCommom.js",
    "/_100554_/l2/collabInit.js",
    "/_100554_/l2/aiAgentHelper.js",
    "/_102025_/l2/collabMessagesIndexedDB.js",
    "/_102025_/l2/collabMessagesHelper.js",
    "/_102025_/l2/collabMessagesTaskInfo.js",
    "/_102025_/l2/collabMessagesTask.js",
    "/_102025_/l2/collabMessagesTopics.js",
    "/_102025_/l2/collabMessagesPrompt.js",
    "/_102025_/l2/collabMessagesAvatar.js",
    "/_102025_/l2/collabMessagesThreadDetails.js",
    "/_102025_/l2/collabMessagesRichPreview.js",
    "/_102025_/l2/collabMessagesUserModal.js",
    "/_102025_/l2/collabMessagesThreadModal.js",
    "/_102025_/l2/collabMessagesFilter.js",
    "/_102025_/l2/collabMessagesAdd.js",
    "/_102025_/l2/collabMessagesHelper.js",
    "/_102025_/l2/collabMessagesPrompt.js",
    "/_100554_/l2/aiAgentBase.js",
    "/_100554_/l2/stateLitElement.js"
  ],
  "collabMessagesEmojis.defs.ts": [],
  "collabMessagesEmojis.test.ts": [
    "./_100554_tsTestAST"
  ],
  "collabMessagesEmojis.ts": [],
  "collabMessagesFilter.defs.ts": [],
  "collabMessagesFilter.test.ts": [
    "./_100554_tsTestAST"
  ],
  "collabMessagesFilter.ts": [
    "lit",
    "lit/decorators.js",
    "/_100554_/l2/stateLitElement.js",
    "/_102025_/l2/collabMessagesIcons.js"
  ],
  "collabMessagesFindtask.defs.ts": [],
  "collabMessagesFindtask.test.ts": [
    "./_100554_tsTestAST"
  ],
  "collabMessagesFindtask.ts": [
    "lit",
    "lit/decorators.js",
    "/_100554_/l2/stateLitElement.js",
    "/_100554_/l2/serviceBase.js",
    "/_102025_/l2/collabMessagesHelper.js",
    "/_102025_/l2/collabMessagesTaskDetails.js"
  ],
  "collabMessagesHelper.defs.ts": [],
  "collabMessagesHelper.test.ts": [
    "./_100554_tsTestAST"
  ],
  "collabMessagesHelper.ts": [
    "/_100554_/l2/aiAgentHelper.js",
    "/_102025_/l2/collabMessagesIndexedDB.js"
  ],
  "collabMessagesIcons.defs.ts": [],
  "collabMessagesIcons.test.ts": [
    "./_100554_tsTestAST"
  ],
  "collabMessagesIcons.ts": [
    "lit"
  ],
  "collabMessagesIndexedDB.defs.ts": [],
  "collabMessagesIndexedDB.test.ts": [
    "./_100554_tsTestAST"
  ],
  "collabMessagesIndexedDB.ts": [],
  "collabMessagesInputTag.defs.ts": [],
  "collabMessagesInputTag.test.ts": [
    "./_100554_tsTestAST"
  ],
  "collabMessagesInputTag.ts": [
    "lit",
    "lit/decorators.js",
    "/_100554_/l2/stateLitElement.js"
  ],
  "collabMessagesPrompt.defs.ts": [],
  "collabMessagesPrompt.test.ts": [
    "./_100554_tsTestAST"
  ],
  "collabMessagesPrompt.ts": [
    "lit",
    "lit/decorators.js",
    "/_100554_/l2/stateLitElement.js",
    "/_100554_/l2/aiAgentBase.js",
    "/_102025_/l2/collabMessagesIcons.js",
    "/_102025_/l2/collabMessagesIndexedDB.js",
    "/_102025_/l2/collabMessagesEmojis.js",
    "/_102025_/l2/collabMessagesAvatar.js"
  ],
  "collabMessagesRichPreview.defs.ts": [],
  "collabMessagesRichPreview.test.ts": [
    "./_100554_tsTestAST"
  ],
  "collabMessagesRichPreview.ts": [
    "lit",
    "lit/decorators.js",
    "/_100554_/l2/stateLitElement.js",
    "/_102025_/l2/collabMessagesTextCode.js"
  ],
  "collabMessagesSettings.defs.ts": [],
  "collabMessagesSettings.test.ts": [
    "./_100554_tsTestAST"
  ],
  "collabMessagesSettings.ts": [
    "lit",
    "lit/decorators.js",
    "/_100554_/l2/stateLitElement.js",
    "/_102025_/l2/collabMessagesIndexedDB.js",
    "/_100554_/l2/serviceBase.js",
    "/_102025_/l2/collabMessagesHelper.js",
    "/_102025_/l2/collabMessagesHelper.js",
    "/_102025_/l2/collabMessagesIcons.js"
  ],
  "collabMessagesSyncNotifications.defs.ts": [],
  "collabMessagesSyncNotifications.test.ts": [
    "./_100554_tsTestAST"
  ],
  "collabMessagesSyncNotifications.ts": [
    "/_102025_/l2/collabMessagesHelper.js",
    "/_102025_/l2/collabMessagesIndexedDB.js",
    "/_100554_/l2/aiAgentHelper.js",
    "/_100554_/l2/collabInit.js"
  ],
  "collabMessagesTask.defs.ts": [],
  "collabMessagesTask.test.ts": [
    "./_100554_tsTestAST"
  ],
  "collabMessagesTask.ts": [
    "lit",
    "lit/decorators.js",
    "/_100554_/l2/stateLitElement.js",
    "/_100554_/l2/aiAgentHelper.js",
    "/_100554_/l2/aiAgentOrchestration.js",
    "/_102025_/l2/collabMessagesIndexedDB.js",
    "/_102025_/l2/collabMessagesIcons.js"
  ],
  "collabMessagesTaskDetails.defs.ts": [],
  "collabMessagesTaskDetails.test.ts": [
    "./_100554_tsTestAST"
  ],
  "collabMessagesTaskDetails.ts": [
    "lit",
    "lit/decorators.js",
    "/_100554_/l2/stateLitElement.js",
    "/_100554_/l2/aiAgentHelper.js",
    "/_100554_/l2/aiAgentOrchestration.js",
    "/_102025_/l2/collabMessagesIcons.js",
    "/_100554_/l2/aiAgentBase.js"
  ],
  "collabMessagesTaskInfo.defs.ts": [],
  "collabMessagesTaskInfo.test.ts": [
    "./_100554_tsTestAST"
  ],
  "collabMessagesTaskInfo.ts": [
    "lit",
    "lit/decorators.js",
    "/_100554_/l2/stateLitElement.js",
    "/_100554_/l2/aiAgentOrchestration.js",
    "/_100554_/l2/aiAgentHelper.js",
    "/_102025_/l2/collabMessagesTaskDetails.js",
    "/_102025_/l2/collabMessagesTaskPreview.js",
    "/_102025_/l2/collabMessagesTaskLogPreview.js"
  ],
  "collabMessagesTaskLogPreview.defs.ts": [],
  "collabMessagesTaskLogPreview.test.ts": [
    "./_100554_tsTestAST"
  ],
  "collabMessagesTaskLogPreview.ts": [
    "lit",
    "lit/decorators.js",
    "/_100554_/l2/stateLitElement.js",
    "/_100554_/l2/aiAgentHelper.js",
    "/_100554_/l2/aiAgentBase.js",
    "/_100554_/l2/aiAgentOrchestration.js"
  ],
  "collabMessagesTaskPreview.defs.ts": [],
  "collabMessagesTaskPreview.test.ts": [
    "./_100554_tsTestAST"
  ],
  "collabMessagesTaskPreview.ts": [
    "lit",
    "lit/decorators.js",
    "/_100554_/l2/aiAgentHelper.js",
    "/_100554_/l2/collabLitElement.js",
    "/_102025_/l2/collabMessagesTaskPreviewAgent.js",
    "/_102025_/l2/collabMessagesTaskPreviewClarification.js",
    "/_102025_/l2/collabMessagesTaskPreviewFlexible.js",
    "/_102025_/l2/collabMessagesTaskPreviewTools.js",
    "/_102025_/l2/collabMessagesTaskPreviewResult.js"
  ],
  "collabMessagesTaskPreviewAgent.defs.ts": [],
  "collabMessagesTaskPreviewAgent.test.ts": [
    "./_100554_tsTestAST"
  ],
  "collabMessagesTaskPreviewAgent.ts": [
    "lit",
    "lit/decorators.js",
    "/_100554_/l2/collabLitElement.js",
    "/_100554_/l2/aiAgentHelper.js"
  ],
  "collabMessagesTaskPreviewClarification.defs.ts": [],
  "collabMessagesTaskPreviewClarification.test.ts": [
    "./_100554_tsTestAST"
  ],
  "collabMessagesTaskPreviewClarification.ts": [
    "lit",
    "lit/decorators.js",
    "/_100554_/l2/collabLitElement.js",
    "/_100554_/l2/aiAgentHelper.js"
  ],
  "collabMessagesTaskPreviewFlexible.defs.ts": [],
  "collabMessagesTaskPreviewFlexible.test.ts": [
    "./_100554_tsTestAST"
  ],
  "collabMessagesTaskPreviewFlexible.ts": [
    "lit",
    "lit/decorators.js",
    "/_100554_/l2/collabLitElement.js"
  ],
  "collabMessagesTaskPreviewResult.defs.ts": [],
  "collabMessagesTaskPreviewResult.test.ts": [
    "./_100554_tsTestAST"
  ],
  "collabMessagesTaskPreviewResult.ts": [
    "lit",
    "lit/decorators.js",
    "/_100554_/l2/collabLitElement.js"
  ],
  "collabMessagesTaskPreviewTools.defs.ts": [],
  "collabMessagesTaskPreviewTools.test.ts": [
    "./_100554_tsTestAST"
  ],
  "collabMessagesTaskPreviewTools.ts": [
    "lit",
    "lit/decorators.js",
    "/_100554_/l2/collabLitElement.js"
  ],
  "collabMessagesTasks.defs.ts": [],
  "collabMessagesTasks.test.ts": [
    "./_100554_tsTestAST"
  ],
  "collabMessagesTasks.ts": [
    "lit",
    "lit/decorators.js",
    "/_100554_/l2/stateLitElement.js",
    "/_102025_/l2/collabMessagesIcons.js"
  ],
  "collabMessagesTextCode.defs.ts": [],
  "collabMessagesTextCode.test.ts": [
    "./_100554_tsTestAST"
  ],
  "collabMessagesTextCode.ts": [
    "lit",
    "lit/decorators.js",
    "/_100554_/l2/stateLitElement.js"
  ],
  "collabMessagesThreadDetails.defs.ts": [],
  "collabMessagesThreadDetails.test.ts": [
    "./_100554_tsTestAST"
  ],
  "collabMessagesThreadDetails.ts": [
    "lit",
    "lit/decorators.js",
    "/_102025_/l2/collabMessagesIndexedDB.js",
    "/_102025_/l2/collabMessagesIcons.js",
    "/_100554_/l2/aiAgentHelper.js",
    "/_100554_/l2/stateLitElement.js",
    "/_102025_/l2/collabMessagesHelper.js",
    "/_102025_/l2/collabMessagesInputTag.js",
    "/_102025_/l2/collabMessagesAddParticipant.js",
    "/_102025_/l2/collabMessagesChangeAvatar.js"
  ],
  "collabMessagesThreadModal.defs.ts": [],
  "collabMessagesThreadModal.test.ts": [
    "./_100554_tsTestAST"
  ],
  "collabMessagesThreadModal.ts": [
    "lit",
    "lit/decorators.js",
    "/_100554_/l2/stateLitElement.js",
    "/_100554_/l2/libCommom.js",
    "/_100554_/l2/aiAgentHelper.js",
    "/_102025_/l2/collabMessagesIcons.js",
    "/_102025_/l2/collabMessagesAvatar.js"
  ],
  "collabMessagesTopics.defs.ts": [],
  "collabMessagesTopics.test.ts": [
    "./_100554_tsTestAST"
  ],
  "collabMessagesTopics.ts": [
    "lit",
    "lit/decorators.js",
    "/_100554_/l2/stateLitElement.js",
    "/_102025_/l2/collabMessagesIcons.js"
  ],
  "collabMessagesUserModal.defs.ts": [],
  "collabMessagesUserModal.test.ts": [
    "./_100554_tsTestAST"
  ],
  "collabMessagesUserModal.ts": [
    "lit",
    "lit/decorators.js",
    "/_100554_/l2/stateLitElement.js",
    "/_102025_/l2/collabMessagesIcons.js",
    "/_102025_/l2/collabMessagesHelper.js"
  ],
  "designSystem.defs.ts": [],
  "designSystem.test.ts": [
    "./_100554_tsTestAST"
  ],
  "designSystem.ts": [
    "/_100554_/l2/designSystemBase"
  ],
  "project.defs.ts": [],
  "project.test.ts": [
    "./_100554_tsTestAST"
  ],
  "project.ts": [],
  "serviceCollabMessages.defs.ts": [],
  "serviceCollabMessages.test.ts": [
    "./_100554_tsTestAST"
  ],
  "serviceCollabMessages.ts": [
    "lit",
    "lit/decorators.js",
    "/_100554_/l2/coachMarks",
    "/_102025_/l2/collabMessagesIndexedDB",
    "/_102025_/l2/collabMessagesHelper",
    "/_100554_/l2/libCommom",
    "/_102025_/l2/collabMessagesSyncNotifications",
    "/_100554_/l2/serviceBase",
    "/_102025_/l2/collabMessagesHelper",
    "/_100554_/l2/collabInit",
    "/_102025_/l2/collabMessagesIcons",
    "/_102025_/l2/collabMessagesAdd",
    "/_102025_/l2/collabMessagesChat",
    "/_102025_/l2/collabMessagesTasks",
    "/_102025_/l2/collabMessagesSettings",
    "/_102025_/l2/collabMessagesFindtask"
  ]
}