{
  "lastModified": "2025-12-01T14:49:16.201Z",
  "files": [
    {
      "shortPath": "l0/README.md",
      "versionRef": "f78c8fd180a7cd876fd0e37b597b4479dcf4aaf4",
      "Length": 14,
      "update_at": "2025-12-01T14:47:25.000Z"
    },
    {
      "shortPath": "l2/collabMessagesTests.defs.ts",
      "versionRef": "5a84a10fa6feb821f81699807dbd5b611a6967b0",
      "Length": 93,
      "update_at": "2025-12-01T14:48:28.000Z"
    },
    {
      "shortPath": "l2/collabMessagesTests.html",
      "versionRef": "c98a6a4d63b73ee28397498252c26e17ab7d858b",
      "Length": 61,
      "update_at": "2025-12-01T14:48:29.000Z"
    },
    {
      "shortPath": "l2/collabMessagesTests.less",
      "versionRef": "691b5e8ecd188f924543c73ba7ca18adeb52050a",
      "Length": 159,
      "update_at": "2025-12-01T14:48:29.000Z"
    },
    {
      "shortPath": "l2/collabMessagesTests.test.ts",
      "versionRef": "1b64bcb8f276a9c2f2aee520009c78789741b5dd",
      "Length": 261,
      "update_at": "2025-12-01T14:48:30.000Z"
    },
    {
      "shortPath": "l2/collabMessagesTests.ts",
      "versionRef": "7e1aca74cc1014b994075ddbc7188c631edd0c3e",
      "Length": 485,
      "update_at": "2025-12-01T14:48:31.000Z"
    },
    {
      "shortPath": "l2/designSystem.defs.ts",
      "versionRef": "b35ae3e11e8795bceda019ad93afdc920a03afa7",
      "Length": 86,
      "update_at": "2025-12-01T14:48:31.000Z"
    },
    {
      "shortPath": "l2/designSystem.html",
      "versionRef": "407e94c1cf19a0a3117d9d391bd2a1dcb58b4471",
      "Length": 21,
      "update_at": "2025-12-01T14:48:32.000Z"
    },
    {
      "shortPath": "l2/designSystem.less",
      "versionRef": "ad7568214746d3407c505b39ffac5424535b7773",
      "Length": 144,
      "update_at": "2025-12-01T14:48:33.000Z"
    },
    {
      "shortPath": "l2/designSystem.test.ts",
      "versionRef": "c1d0f203f9ba4a8f9e0947a85c62eed3bf32d480",
      "Length": 254,
      "update_at": "2025-12-01T14:48:34.000Z"
    },
    {
      "shortPath": "l2/designSystem.ts",
      "versionRef": "06824ecff22ecb3b832d286d00a1a83af5969c19",
      "Length": 16178,
      "update_at": "2025-12-01T14:48:34.000Z"
    },
    {
      "shortPath": "l2/project.defs.ts",
      "versionRef": "816271db20a02131c7a5feb07b02a0dac389d502",
      "Length": 81,
      "update_at": "2025-12-01T14:48:35.000Z"
    },
    {
      "shortPath": "l2/project.html",
      "versionRef": "88a90cf32ef33346febb29387541246b1be9a2e0",
      "Length": 16,
      "update_at": "2025-12-01T14:48:36.000Z"
    },
    {
      "shortPath": "l2/project.less",
      "versionRef": "ef290f443d5caac7e6fecd6f624add1692ccc93c",
      "Length": 133,
      "update_at": "2025-12-01T14:48:37.000Z"
    },
    {
      "shortPath": "l2/project.test.ts",
      "versionRef": "42c135084d91f70ad35ab23371d5474b90cf1c8c",
      "Length": 249,
      "update_at": "2025-12-01T14:48:37.000Z"
    },
    {
      "shortPath": "l2/project.ts",
      "versionRef": "12b67fa8d810be1a738b78e9e0e3b166809042bb",
      "Length": 331,
      "update_at": "2025-12-01T14:48:38.000Z"
    },
    {
      "shortPath": "l5/project.json",
      "versionRef": "dd83bc42f62f3501e7ace249f2769b1dc75a71c1",
      "Length": 375,
      "update_at": "2025-12-01T14:48:39.000Z"
    },
    {
      "shortPath": "l0/package.json",
      "versionRef": "e258f99d113c767303646c8c6e7b86a73de68c0c",
      "Length": 470,
      "update_at": "2025-12-01T14:47:28.000Z"
    },
    {
      "shortPath": "l0/tsconfig.json",
      "versionRef": "6a95f6e8d8e3042af5f58de9c691a455a7221647",
      "Length": 1191,
      "update_at": "2025-12-01T14:47:29.000Z"
    }
  ]
}