{
  "lastModified": "2026-02-24T14:50:50.009Z",
  "files": [
    {
      "shortPath": "l0/README.md",
      "versionRef": "f78c8fd180a7cd876fd0e37b597b4479dcf4aaf4",
      "Length": 14,
      "update_at": "2025-12-01T14:47:25.000Z"
    },
    {
      "shortPath": "l2/agents/agentGenerateAvatarSvg.defs.ts",
      "versionRef": "0f39c6a4870b6c5a59b386a371867d9b9090b27d",
      "Length": 2508,
      "update_at": "2026-02-09T11:41:42.000Z"
    },
    {
      "shortPath": "l2/agents/agentGenerateAvatarSvg.html",
      "versionRef": "5a5ee97bb1857dc8f06af998074e7c7f3dba2779",
      "Length": 2523,
      "update_at": "2025-12-03T19:22:16.000Z"
    },
    {
      "shortPath": "l2/agents/agentGenerateAvatarSvg.less",
      "versionRef": "f3b79e05ec667c2c8f7486bea90a2c88f38fa657",
      "Length": 175,
      "update_at": "2026-02-05T13:05:09.000Z"
    },
    {
      "shortPath": "l2/agents/agentGenerateAvatarSvg.test.ts",
      "versionRef": "bdd24366909784b82a2ac4a7ddaac036068c77f2",
      "Length": 268,
      "update_at": "2026-02-05T13:05:10.000Z"
    },
    {
      "shortPath": "l2/agents/agentGenerateAvatarSvg.ts",
      "versionRef": "4f60ac9d83dc4107e47dc48c94edbebd16bdc1fc",
      "Length": 3209,
      "update_at": "2026-02-05T13:05:11.000Z"
    },
    {
      "shortPath": "l2/collabMessagesAdd.defs.ts",
      "versionRef": "bef888eae85831b8e3a125a676b35b7ac652ff3e",
      "Length": 5403,
      "update_at": "2026-02-09T11:41:44.000Z"
    },
    {
      "shortPath": "l2/collabMessagesAdd.html",
      "versionRef": "deacba31bb6d2ce3e6877e859e61628e1d36134d",
      "Length": 57,
      "update_at": "2025-12-03T19:22:23.000Z"
    },
    {
      "shortPath": "l2/collabMessagesAdd.less",
      "versionRef": "71134db9dfc5662dc34bd2fe2c0a0b329b7a7c7b",
      "Length": 5009,
      "update_at": "2026-02-05T13:05:13.000Z"
    },
    {
      "shortPath": "l2/collabMessagesAdd.test.ts",
      "versionRef": "4a98a26b6cbb7739e6f4dfd3528665fa7b05b9e6",
      "Length": 256,
      "update_at": "2026-02-05T13:05:14.000Z"
    },
    {
      "shortPath": "l2/collabMessagesAdd.ts",
      "versionRef": "6ea6dcc2784fa6ac33415c2cae28f3cb119832c2",
      "Length": 24840,
      "update_at": "2026-02-05T13:05:16.000Z"
    },
    {
      "shortPath": "l2/collabMessagesAddParticipant.defs.ts",
      "versionRef": "1ba050cc64275a0ed29123737637c896ec1b21db",
      "Length": 2770,
      "update_at": "2026-02-09T11:41:45.000Z"
    },
    {
      "shortPath": "l2/collabMessagesAddParticipant.html",
      "versionRef": "b19cb26711077fe559931da8c903d8335d0857e7",
      "Length": 81,
      "update_at": "2025-12-03T19:22:19.000Z"
    },
    {
      "shortPath": "l2/collabMessagesAddParticipant.less",
      "versionRef": "4d2aeac0189ed7cbcd7b709fc00d02bf433cd938",
      "Length": 2560,
      "update_at": "2026-02-05T13:05:18.000Z"
    },
    {
      "shortPath": "l2/collabMessagesAddParticipant.test.ts",
      "versionRef": "9d60e65a5fc2f491b38d9608e85779929a0acf6a",
      "Length": 267,
      "update_at": "2026-02-05T13:05:19.000Z"
    },
    {
      "shortPath": "l2/collabMessagesAddParticipant.ts",
      "versionRef": "6cd1653005beca9d3206f4578dbd3741c2eb6aa1",
      "Length": 8891,
      "update_at": "2026-02-05T13:05:20.000Z"
    },
    {
      "shortPath": "l2/collabMessagesApps.defs.ts",
      "versionRef": "3f553254f3364673e949f03028f70ae5411b7091",
      "Length": 2458,
      "update_at": "2026-02-09T11:41:46.000Z"
    },
    {
      "shortPath": "l2/collabMessagesApps.html",
      "versionRef": "ffa6044ccfac2fd6e6e3ba17b4f46b14f68cfc60",
      "Length": 27,
      "update_at": "2025-12-18T14:06:08.000Z"
    },
    {
      "shortPath": "l2/collabMessagesApps.less",
      "versionRef": "ee1d9cce01a40e75d40c7ebac6512fe154b36d30",
      "Length": 399,
      "update_at": "2026-02-05T13:05:22.000Z"
    },
    {
      "shortPath": "l2/collabMessagesApps.test.ts",
      "versionRef": "5f90652c0602450758a4872b2b2a6d3d355610c3",
      "Length": 263,
      "update_at": "2026-02-05T13:05:24.000Z"
    },
    {
      "shortPath": "l2/collabMessagesApps.ts",
      "versionRef": "db6d4fcb3fb6282d7ec9fbc2cd01afcde2451f26",
      "Length": 4074,
      "update_at": "2026-02-05T13:05:25.000Z"
    },
    {
      "shortPath": "l2/collabMessagesAppsMenu.defs.ts",
      "versionRef": "c6a82cb5b78bff7e2b8af9cfb27b13ce58ab424a",
      "Length": 2442,
      "update_at": "2026-02-09T11:41:47.000Z"
    },
    {
      "shortPath": "l2/collabMessagesAppsMenu.html",
      "versionRef": "416176087226c47f19a26013fdfbd5a49cc0a502",
      "Length": 69,
      "update_at": "2025-12-18T14:06:04.000Z"
    },
    {
      "shortPath": "l2/collabMessagesAppsMenu.less",
      "versionRef": "a0b16bd3bb575cf38e4ae574b36d8651edf1aaa8",
      "Length": 3230,
      "update_at": "2026-02-05T13:05:27.000Z"
    },
    {
      "shortPath": "l2/collabMessagesAppsMenu.test.ts",
      "versionRef": "20f41293ef963a9082aaedfb94b3879e734583df",
      "Length": 267,
      "update_at": "2026-02-05T13:05:28.000Z"
    },
    {
      "shortPath": "l2/collabMessagesAppsMenu.ts",
      "versionRef": "43d94cbf59674f0ccca25f0aca3e36c5f2437ece",
      "Length": 7070,
      "update_at": "2026-02-05T13:05:29.000Z"
    },
    {
      "shortPath": "l2/collabMessagesAvatar.defs.ts",
      "versionRef": "edba1f799464b31f18bd87d0dbfd551f2a68a5e0",
      "Length": 2124,
      "update_at": "2026-02-09T11:41:48.000Z"
    },
    {
      "shortPath": "l2/collabMessagesAvatar.html",
      "versionRef": "9659eab9af7ba5e88f173b257597cd8da871f648",
      "Length": 63,
      "update_at": "2025-12-03T19:22:27.000Z"
    },
    {
      "shortPath": "l2/collabMessagesAvatar.less",
      "versionRef": "fccde25bd30651b4ac5e628438950f1dafa7e3fd",
      "Length": 1142,
      "update_at": "2026-02-05T13:05:32.000Z"
    },
    {
      "shortPath": "l2/collabMessagesAvatar.test.ts",
      "versionRef": "5c5ca818b742f531b8db71678c96859925cef8b2",
      "Length": 259,
      "update_at": "2026-02-05T13:05:33.000Z"
    },
    {
      "shortPath": "l2/collabMessagesAvatar.ts",
      "versionRef": "20b84b9406ad2e42e191bccdcc0e5d21cab9751c",
      "Length": 1286,
      "update_at": "2026-02-05T13:05:34.000Z"
    },
    {
      "shortPath": "l2/collabMessagesChangeAvatar.defs.ts",
      "versionRef": "e5212d60827381385d1ee49c19eb9bd7036fe7a0",
      "Length": 3740,
      "update_at": "2026-02-09T11:41:50.000Z"
    },
    {
      "shortPath": "l2/collabMessagesChangeAvatar.html",
      "versionRef": "164d9ba208fcbd448227292112807558cbe0967f",
      "Length": 35,
      "update_at": "2025-12-03T19:22:30.000Z"
    },
    {
      "shortPath": "l2/collabMessagesChangeAvatar.less",
      "versionRef": "86e3786bcde7d604626aa1445c499445f9c1cc76",
      "Length": 2820,
      "update_at": "2026-02-05T13:05:36.000Z"
    },
    {
      "shortPath": "l2/collabMessagesChangeAvatar.test.ts",
      "versionRef": "5d5c743a31fd4e8829d6a8f4573b1ecfd50dfcdb",
      "Length": 265,
      "update_at": "2026-02-05T13:05:37.000Z"
    },
    {
      "shortPath": "l2/collabMessagesChangeAvatar.ts",
      "versionRef": "aec39a3296a21aef84e24504638c97654c3b96ef",
      "Length": 5891,
      "update_at": "2026-02-05T13:05:38.000Z"
    },
    {
      "shortPath": "l2/collabMessagesChat.defs.ts",
      "versionRef": "b70d96b17137fac119bd4d64665b4a06087c79bf",
      "Length": 9738,
      "update_at": "2026-02-19T11:33:13.000Z"
    },
    {
      "shortPath": "l2/collabMessagesChat.html",
      "versionRef": "4d6e9fa2c0b1f76996c9b298396f46f92f7d4c70",
      "Length": 27,
      "update_at": "2025-12-03T19:22:34.000Z"
    },
    {
      "shortPath": "l2/collabMessagesChat.less",
      "versionRef": "72330b7612308ac5b5d8e9fb690a3cf34731f9e5",
      "Length": 9274,
      "update_at": "2026-02-23T18:56:08.000Z"
    },
    {
      "shortPath": "l2/collabMessagesChat.test.ts",
      "versionRef": "e62407316f022e667664ad155bd150943bd1ef23",
      "Length": 257,
      "update_at": "2026-02-05T13:05:42.000Z"
    },
    {
      "shortPath": "l2/collabMessagesChat.ts",
      "versionRef": "955a529c895ed840feff17cdc419c6cab2ac4d41",
      "Length": 73531,
      "update_at": "2026-02-24T14:49:57.000Z"
    },
    {
      "shortPath": "l2/collabMessagesChatMessage.defs.ts",
      "versionRef": "cf07ede2e2e78c4c71402c9817fa839f07b4372b",
      "Length": 95,
      "update_at": "2026-02-23T18:56:08.000Z"
    },
    {
      "shortPath": "l2/collabMessagesChatMessage.html",
      "versionRef": "94fd0ffa56cb08ffe8201147d73d6cb4e344d9a1",
      "Length": 34,
      "update_at": "2026-02-23T18:56:08.000Z"
    },
    {
      "shortPath": "l2/collabMessagesChatMessage.less",
      "versionRef": "e3bfe4a31017bab05b8eb1e5b6bcb5c7f42dc99c",
      "Length": 10707,
      "update_at": "2026-02-24T14:49:57.000Z"
    },
    {
      "shortPath": "l2/collabMessagesChatMessage.test.ts",
      "versionRef": "469dc792d5dcf9b86d6e7ea710ab741b5be2cd33",
      "Length": 269,
      "update_at": "2026-02-23T18:56:08.000Z"
    },
    {
      "shortPath": "l2/collabMessagesChatMessage.ts",
      "versionRef": "0a4c0e98bcda70f1b73baceced1675789cfe9e97",
      "Length": 24584,
      "update_at": "2026-02-24T14:49:57.000Z"
    },
    {
      "shortPath": "l2/collabMessagesEmojis.defs.ts",
      "versionRef": "a904ef2acee8538a63c5e654e11ecdf816a0ae3d",
      "Length": 1276,
      "update_at": "2026-02-09T11:41:51.000Z"
    },
    {
      "shortPath": "l2/collabMessagesEmojis.html",
      "versionRef": "a0047430edc3904b070b9f7551468d115d1cad32",
      "Length": 29,
      "update_at": "2025-12-03T19:22:37.000Z"
    },
    {
      "shortPath": "l2/collabMessagesEmojis.less",
      "versionRef": "b65a6d096dfeef80483ec460a7c4289ccfe2f4d0",
      "Length": 155,
      "update_at": "2026-02-05T13:05:46.000Z"
    },
    {
      "shortPath": "l2/collabMessagesEmojis.test.ts",
      "versionRef": "15454a0dbb03576bbf547ffa8af97a923e6cb846",
      "Length": 259,
      "update_at": "2026-02-05T13:05:47.000Z"
    },
    {
      "shortPath": "l2/collabMessagesEmojis.ts",
      "versionRef": "4aa9a1c3036f78573f16c0b1596cea7699c57a2f",
      "Length": 9072,
      "update_at": "2026-02-05T13:05:48.000Z"
    },
    {
      "shortPath": "l2/collabMessagesFilter.defs.ts",
      "versionRef": "a3d9e0642e115a80928652b7e7686653a8989934",
      "Length": 2620,
      "update_at": "2026-02-09T11:41:52.000Z"
    },
    {
      "shortPath": "l2/collabMessagesFilter.html",
      "versionRef": "d96bbb22e44c884c0acabb1e9d03e1c556627c86",
      "Length": 63,
      "update_at": "2025-12-03T19:22:41.000Z"
    },
    {
      "shortPath": "l2/collabMessagesFilter.less",
      "versionRef": "4f4890b72948715395a668cee16c69a904531816",
      "Length": 1702,
      "update_at": "2026-02-05T13:05:50.000Z"
    },
    {
      "shortPath": "l2/collabMessagesFilter.test.ts",
      "versionRef": "b0a03bdc228e9e80b0dd2f5ab3dcd7a4b7d5aade",
      "Length": 259,
      "update_at": "2026-02-05T13:05:52.000Z"
    },
    {
      "shortPath": "l2/collabMessagesFilter.ts",
      "versionRef": "fea2b7227e1b12b8d4483913e6468f7ccdf27b34",
      "Length": 1968,
      "update_at": "2026-02-05T13:05:53.000Z"
    },
    {
      "shortPath": "l2/collabMessagesFindtask.defs.ts",
      "versionRef": "ec7601445ade3e6a71e668603281a71e911514ac",
      "Length": 1985,
      "update_at": "2026-02-09T11:41:53.000Z"
    },
    {
      "shortPath": "l2/collabMessagesFindtask.html",
      "versionRef": "332a9d7bbdef63e6755b88a7b202f6dd1f354b22",
      "Length": 67,
      "update_at": "2025-12-03T19:22:45.000Z"
    },
    {
      "shortPath": "l2/collabMessagesFindtask.less",
      "versionRef": "97d87a988ce614577625fb8ff1f3496e4444b01a",
      "Length": 1665,
      "update_at": "2026-02-05T13:05:55.000Z"
    },
    {
      "shortPath": "l2/collabMessagesFindtask.test.ts",
      "versionRef": "f89c06c8dfcc273d80c79162f460359aa25065c7",
      "Length": 261,
      "update_at": "2026-02-05T13:05:56.000Z"
    },
    {
      "shortPath": "l2/collabMessagesFindtask.ts",
      "versionRef": "a7215897772e9da80e9f8515d25fb16d04118115",
      "Length": 3486,
      "update_at": "2026-02-05T13:05:57.000Z"
    },
    {
      "shortPath": "l2/collabMessagesHelper.defs.ts",
      "versionRef": "20094f1d833eed98c1695eb0fdfdd3d94779a69a",
      "Length": 3730,
      "update_at": "2026-02-09T11:41:54.000Z"
    },
    {
      "shortPath": "l2/collabMessagesHelper.html",
      "versionRef": "b840005b47e257e2f2cc97aaea9a6f0df4d215bc",
      "Length": 29,
      "update_at": "2025-12-03T19:22:48.000Z"
    },
    {
      "shortPath": "l2/collabMessagesHelper.less",
      "versionRef": "a5e88bbe180d6b7857d8bf87f11ae629a72f624c",
      "Length": 155,
      "update_at": "2026-02-05T13:06:00.000Z"
    },
    {
      "shortPath": "l2/collabMessagesHelper.test.ts",
      "versionRef": "e1891d3fe3a2102ae4b9fd4c6846396324697eec",
      "Length": 259,
      "update_at": "2026-02-05T13:06:01.000Z"
    },
    {
      "shortPath": "l2/collabMessagesHelper.ts",
      "versionRef": "67ed3417679daab86083e3210c1ed3a0ad89bc12",
      "Length": 13445,
      "update_at": "2026-02-24T14:49:57.000Z"
    },
    {
      "shortPath": "l2/collabMessagesIcons.defs.ts",
      "versionRef": "e46ea83e937354df43318d13889d398e6dae47fd",
      "Length": 1602,
      "update_at": "2026-02-09T11:41:55.000Z"
    },
    {
      "shortPath": "l2/collabMessagesIcons.html",
      "versionRef": "3f7a6b964fb9477c38b0efe79381ba55dffcb4f4",
      "Length": 28,
      "update_at": "2025-12-03T19:22:52.000Z"
    },
    {
      "shortPath": "l2/collabMessagesIcons.less",
      "versionRef": "813a248585ec73cee16b222b8a48248325823684",
      "Length": 153,
      "update_at": "2026-02-05T13:06:04.000Z"
    },
    {
      "shortPath": "l2/collabMessagesIcons.test.ts",
      "versionRef": "f7c23dcd8a67d74cf4bbde80652437228142a514",
      "Length": 258,
      "update_at": "2026-02-05T13:06:05.000Z"
    },
    {
      "shortPath": "l2/collabMessagesIcons.ts",
      "versionRef": "bf125d8c940f6ddd235833a91b9dd64751b8d09b",
      "Length": 24755,
      "update_at": "2026-02-24T14:49:57.000Z"
    },
    {
      "shortPath": "l2/collabMessagesIndexedDB.defs.ts",
      "versionRef": "3ab3b5fe549db9ea092c4397a8edbe77eda0c589",
      "Length": 2092,
      "update_at": "2026-02-09T11:41:56.000Z"
    },
    {
      "shortPath": "l2/collabMessagesIndexedDB.html",
      "versionRef": "3683892b56b3f4d460104cfc7240305faca34955",
      "Length": 32,
      "update_at": "2025-12-03T19:22:55.000Z"
    },
    {
      "shortPath": "l2/collabMessagesIndexedDB.less",
      "versionRef": "b305370fbb39fef6766714e01095e75d24418e07",
      "Length": 163,
      "update_at": "2026-02-05T13:06:09.000Z"
    },
    {
      "shortPath": "l2/collabMessagesIndexedDB.test.ts",
      "versionRef": "e8172c82809c2b6ec124043d17cbf2c027d0ef42",
      "Length": 262,
      "update_at": "2026-02-05T13:06:10.000Z"
    },
    {
      "shortPath": "l2/collabMessagesIndexedDB.ts",
      "versionRef": "54ca6e1e282fa47f460517aba49fa52f8ae2afa9",
      "Length": 23375,
      "update_at": "2026-02-05T17:46:33.000Z"
    },
    {
      "shortPath": "l2/collabMessagesInputTag.defs.ts",
      "versionRef": "384d991a00772ad369178c4eff92c58a921edee4",
      "Length": 2523,
      "update_at": "2026-02-09T11:41:57.000Z"
    },
    {
      "shortPath": "l2/collabMessagesInputTag.html",
      "versionRef": "d80768d3b67d04af4b6f954ec77f9112312a0c26",
      "Length": 69,
      "update_at": "2025-12-03T19:22:59.000Z"
    },
    {
      "shortPath": "l2/collabMessagesInputTag.less",
      "versionRef": "cd2ebd7d150922a3db3743dae0abaa149b84da00",
      "Length": 2462,
      "update_at": "2026-02-05T13:06:13.000Z"
    },
    {
      "shortPath": "l2/collabMessagesInputTag.test.ts",
      "versionRef": "8eb105c3b7b0c0f2b41ca1197cb0fbe0b217d0f6",
      "Length": 261,
      "update_at": "2026-02-05T13:06:15.000Z"
    },
    {
      "shortPath": "l2/collabMessagesInputTag.ts",
      "versionRef": "fc5c0fcddbb8d4d590fd2d9871fb0f340c942af8",
      "Length": 4337,
      "update_at": "2026-02-05T13:06:16.000Z"
    },
    {
      "shortPath": "l2/collabMessagesMoments.defs.ts",
      "versionRef": "db4ad360d107dc67621388b915a0e6dd9254413b",
      "Length": 1596,
      "update_at": "2026-02-09T11:41:59.000Z"
    },
    {
      "shortPath": "l2/collabMessagesMoments.html",
      "versionRef": "3f2b85a9384cca5779420a16f98deba91f4b5478",
      "Length": 30,
      "update_at": "2025-12-18T14:06:12.000Z"
    },
    {
      "shortPath": "l2/collabMessagesMoments.less",
      "versionRef": "cbfa72a23d4c96406f666c0ae0e42830e65ee376",
      "Length": 157,
      "update_at": "2026-02-05T13:06:18.000Z"
    },
    {
      "shortPath": "l2/collabMessagesMoments.test.ts",
      "versionRef": "fe05df8c27b114240e3cce30fc905895c01f18d7",
      "Length": 266,
      "update_at": "2026-02-05T13:06:19.000Z"
    },
    {
      "shortPath": "l2/collabMessagesMoments.ts",
      "versionRef": "c1366accb9df3d7a0418a66dded78602aee3ab62",
      "Length": 505,
      "update_at": "2026-02-05T13:06:20.000Z"
    },
    {
      "shortPath": "l2/collabMessagesPrompt.defs.ts",
      "versionRef": "7a38e72cb8350aec1f3ee521a9976bf1530c973e",
      "Length": 3487,
      "update_at": "2026-02-09T11:42:00.000Z"
    },
    {
      "shortPath": "l2/collabMessagesPrompt.html",
      "versionRef": "2571bc77a7fa2dd1aa0808c5098a494e91c9ea10",
      "Length": 63,
      "update_at": "2025-12-03T19:23:02.000Z"
    },
    {
      "shortPath": "l2/collabMessagesPrompt.less",
      "versionRef": "ab46e67c9e18ef7ef3ab8fad566ac6f0b134a6d9",
      "Length": 4365,
      "update_at": "2026-02-24T14:49:57.000Z"
    },
    {
      "shortPath": "l2/collabMessagesPrompt.test.ts",
      "versionRef": "f707bb5f2b194ec454074bd95189a13439a299c9",
      "Length": 259,
      "update_at": "2026-02-05T13:06:24.000Z"
    },
    {
      "shortPath": "l2/collabMessagesPrompt.ts",
      "versionRef": "59df7f99ee707e28fd06f9b7879d896313338bca",
      "Length": 19884,
      "update_at": "2026-02-24T14:49:57.000Z"
    },
    {
      "shortPath": "l2/collabMessagesRichPreview.defs.ts",
      "versionRef": "825dbe494951aee94cf0f81939211abc2b873e91",
      "Length": 3987,
      "update_at": "2026-02-09T11:42:01.000Z"
    },
    {
      "shortPath": "l2/collabMessagesRichPreview.html",
      "versionRef": "e303590ac8976f2a6f62d2790a0196e98f41d0aa",
      "Length": 75,
      "update_at": "2025-12-03T19:23:05.000Z"
    },
    {
      "shortPath": "l2/collabMessagesRichPreview.less",
      "versionRef": "28242cae8cdc5c83b1f978cec0f660b87f7eeec5",
      "Length": 4997,
      "update_at": "2026-02-05T13:06:27.000Z"
    },
    {
      "shortPath": "l2/collabMessagesRichPreview.test.ts",
      "versionRef": "faacfa25134b1d11772df0478184a91480d864af",
      "Length": 264,
      "update_at": "2026-02-05T13:06:28.000Z"
    },
    {
      "shortPath": "l2/collabMessagesRichPreview.ts",
      "versionRef": "0694a44def8a0397c32552ffd7f0a8f897d71188",
      "Length": 19415,
      "update_at": "2026-02-05T13:06:29.000Z"
    },
    {
      "shortPath": "l2/collabMessagesRichPreviewText.defs.ts",
      "versionRef": "495ee216d720375c5b733d90045cff788ada77f1",
      "Length": 4962,
      "update_at": "2026-02-13T15:07:25.000Z"
    },
    {
      "shortPath": "l2/collabMessagesRichPreviewText.html",
      "versionRef": "29d03d7c8f1fedb3549c593cad56a09a3dc58534",
      "Length": 85,
      "update_at": "2026-02-12T20:03:08.000Z"
    },
    {
      "shortPath": "l2/collabMessagesRichPreviewText.less",
      "versionRef": "9a2944709d7b70ed4cc66b80d0d3d87ce1a0f171",
      "Length": 3303,
      "update_at": "2026-02-12T20:03:08.000Z"
    },
    {
      "shortPath": "l2/collabMessagesRichPreviewText.test.ts",
      "versionRef": "2cb5d960daf75d060cda338f9714df5fda1a97c3",
      "Length": 273,
      "update_at": "2026-02-12T20:03:08.000Z"
    },
    {
      "shortPath": "l2/collabMessagesRichPreviewText.ts",
      "versionRef": "176875a9bfed30983297f762af7f9e62495f0aeb",
      "Length": 23364,
      "update_at": "2026-02-13T15:07:25.000Z"
    },
    {
      "shortPath": "l2/collabMessagesSettings.defs.ts",
      "versionRef": "4137d4be478a303c8febd17804f79c1033c57eb8",
      "Length": 5103,
      "update_at": "2026-02-13T14:44:21.000Z"
    },
    {
      "shortPath": "l2/collabMessagesSettings.html",
      "versionRef": "e6e0598620dc24ef04f8beea0d79388598992b49",
      "Length": 31,
      "update_at": "2025-12-03T19:23:09.000Z"
    },
    {
      "shortPath": "l2/collabMessagesSettings.less",
      "versionRef": "89b9b15cf03058247d78fc6de4d02cfe8386aaaa",
      "Length": 5386,
      "update_at": "2026-02-05T13:06:32.000Z"
    },
    {
      "shortPath": "l2/collabMessagesSettings.test.ts",
      "versionRef": "9f59715f395fa71bda75dab4a95516aaa02a0d76",
      "Length": 261,
      "update_at": "2026-02-05T13:06:33.000Z"
    },
    {
      "shortPath": "l2/collabMessagesSettings.ts",
      "versionRef": "d182d93ed3d5ebc6e9875fc413e5c12c41fbfdcc",
      "Length": 15789,
      "update_at": "2026-02-05T13:06:34.000Z"
    },
    {
      "shortPath": "l2/collabMessagesSyncNotifications.defs.ts",
      "versionRef": "4601fa59d207254e825b4c9bf22fb4efbeaaefca",
      "Length": 4563,
      "update_at": "2026-02-13T14:44:21.000Z"
    },
    {
      "shortPath": "l2/collabMessagesSyncNotifications.html",
      "versionRef": "0397d8aa9024f7bd0ba2a261de4d9249c2b7d37d",
      "Length": 40,
      "update_at": "2025-12-03T19:23:12.000Z"
    },
    {
      "shortPath": "l2/collabMessagesSyncNotifications.less",
      "versionRef": "282428fa301a3f9807bbbc513b7bb56147d5c91d",
      "Length": 178,
      "update_at": "2026-02-05T13:06:36.000Z"
    },
    {
      "shortPath": "l2/collabMessagesSyncNotifications.test.ts",
      "versionRef": "03e5566ca53ff1ff7df2a45a13489b75a515a29f",
      "Length": 270,
      "update_at": "2026-02-05T13:06:37.000Z"
    },
    {
      "shortPath": "l2/collabMessagesSyncNotifications.ts",
      "versionRef": "8588aaaf790a53725e7657cd8a86151f51486f18",
      "Length": 6443,
      "update_at": "2026-02-05T16:28:42.000Z"
    },
    {
      "shortPath": "l2/collabMessagesTask.defs.ts",
      "versionRef": "536a1da0c406802fe70ae90d8f561beb032d90de",
      "Length": 5196,
      "update_at": "2026-02-13T14:44:21.000Z"
    },
    {
      "shortPath": "l2/collabMessagesTask.html",
      "versionRef": "1e36f224a0e76533968c90c281dcbfa7d66abae9",
      "Length": 27,
      "update_at": "2025-12-03T19:23:47.000Z"
    },
    {
      "shortPath": "l2/collabMessagesTask.less",
      "versionRef": "b031e5e00a40e9981f422a4ee35b3e306fe07452",
      "Length": 4183,
      "update_at": "2026-02-05T13:06:41.000Z"
    },
    {
      "shortPath": "l2/collabMessagesTask.test.ts",
      "versionRef": "41b046a86c29968c3c19f808d787322240241808",
      "Length": 257,
      "update_at": "2026-02-05T13:06:43.000Z"
    },
    {
      "shortPath": "l2/collabMessagesTask.ts",
      "versionRef": "d9ebbf59d001a8c25cedfae301b83300017aed42",
      "Length": 7114,
      "update_at": "2026-02-05T13:06:44.000Z"
    },
    {
      "shortPath": "l2/collabMessagesTaskDetails.defs.ts",
      "versionRef": "25749389f475089c07a443cd25928dc51043da7e",
      "Length": 4574,
      "update_at": "2026-02-13T15:07:25.000Z"
    },
    {
      "shortPath": "l2/collabMessagesTaskDetails.html",
      "versionRef": "3b4a491d37a38fedea256ce5f5a78c44a1b979e4",
      "Length": 75,
      "update_at": "2025-12-03T19:23:16.000Z"
    },
    {
      "shortPath": "l2/collabMessagesTaskDetails.less",
      "versionRef": "908d1dd2d39e39b67fb07b6581eff6d038e5dc07",
      "Length": 3120,
      "update_at": "2026-02-05T13:06:46.000Z"
    },
    {
      "shortPath": "l2/collabMessagesTaskDetails.test.ts",
      "versionRef": "ea1b2fd6cf27393dc1d691b9c32fefcd37cae536",
      "Length": 264,
      "update_at": "2026-02-05T13:06:47.000Z"
    },
    {
      "shortPath": "l2/collabMessagesTaskDetails.ts",
      "versionRef": "84775ec5815443798d1526720f12c2097e6c16ff",
      "Length": 15344,
      "update_at": "2026-02-13T15:07:25.000Z"
    },
    {
      "shortPath": "l2/collabMessagesTaskInfo.defs.ts",
      "versionRef": "65ac458d4c871a96a218897b6796acbd817f8e4c",
      "Length": 3927,
      "update_at": "2026-02-13T15:07:25.000Z"
    },
    {
      "shortPath": "l2/collabMessagesTaskInfo.html",
      "versionRef": "f2330cfff7f664d8ae9f7f53ac41c6659b73f767",
      "Length": 31,
      "update_at": "2025-12-03T19:23:19.000Z"
    },
    {
      "shortPath": "l2/collabMessagesTaskInfo.less",
      "versionRef": "a3190ee5f69233fe9fb38dd3e3f60512b45754fb",
      "Length": 1377,
      "update_at": "2026-02-12T20:03:08.000Z"
    },
    {
      "shortPath": "l2/collabMessagesTaskInfo.test.ts",
      "versionRef": "178d0267a8d88de0e9501374047cbfe236cc2bf5",
      "Length": 261,
      "update_at": "2026-02-05T13:06:52.000Z"
    },
    {
      "shortPath": "l2/collabMessagesTaskInfo.ts",
      "versionRef": "d98ee35608dbaeceaf78ffe4f19890c5918795a2",
      "Length": 8641,
      "update_at": "2026-02-13T15:07:25.000Z"
    },
    {
      "shortPath": "l2/collabMessagesTaskLogPreview.defs.ts",
      "versionRef": "7d25e1e936a1870d149d3b0236ec9358f1f12646",
      "Length": 2955,
      "update_at": "2026-02-13T14:44:21.000Z"
    },
    {
      "shortPath": "l2/collabMessagesTaskLogPreview.html",
      "versionRef": "a69253af2689f4a20bd061b28d6d44ebee9cb7f7",
      "Length": 37,
      "update_at": "2025-12-03T19:23:23.000Z"
    },
    {
      "shortPath": "l2/collabMessagesTaskLogPreview.less",
      "versionRef": "4b3e4e429b91a9e0c5401b99ad41eb6e6b7b52b4",
      "Length": 174,
      "update_at": "2026-02-05T13:06:55.000Z"
    },
    {
      "shortPath": "l2/collabMessagesTaskLogPreview.test.ts",
      "versionRef": "5afded7fef57128f64877f5c2cf289270bef2d0e",
      "Length": 267,
      "update_at": "2026-02-05T13:06:57.000Z"
    },
    {
      "shortPath": "l2/collabMessagesTaskLogPreview.ts",
      "versionRef": "3019b599f00c39a3e3fab6c7b59eebee167098b0",
      "Length": 2297,
      "update_at": "2026-02-05T13:06:58.000Z"
    },
    {
      "shortPath": "l2/collabMessagesTaskPreview.defs.ts",
      "versionRef": "d21da5255df37cc6044ac5224f497052ff1c3f83",
      "Length": 3148,
      "update_at": "2026-02-13T14:44:21.000Z"
    },
    {
      "shortPath": "l2/collabMessagesTaskPreview.html",
      "versionRef": "021cf5f69faf428c77dee90d82e78a5ee9ca839b",
      "Length": 34,
      "update_at": "2025-12-03T19:23:44.000Z"
    },
    {
      "shortPath": "l2/collabMessagesTaskPreview.less",
      "versionRef": "3b5e3c3a191d16811b12297abc18e355a5a13d04",
      "Length": 2449,
      "update_at": "2026-02-05T13:07:00.000Z"
    },
    {
      "shortPath": "l2/collabMessagesTaskPreview.test.ts",
      "versionRef": "080a5c70b26378075e7f7faf828c197caf0f676e",
      "Length": 264,
      "update_at": "2026-02-05T13:07:01.000Z"
    },
    {
      "shortPath": "l2/collabMessagesTaskPreview.ts",
      "versionRef": "03c5c1fd7b01076e3c4f21313f912f1fe25eeb6d",
      "Length": 33499,
      "update_at": "2026-02-05T13:07:02.000Z"
    },
    {
      "shortPath": "l2/collabMessagesTaskPreviewAgent.defs.ts",
      "versionRef": "e6d92466812ae8a58f3951bd65679e8be9013cd6",
      "Length": 3911,
      "update_at": "2026-02-13T14:44:21.000Z"
    },
    {
      "shortPath": "l2/collabMessagesTaskPreviewAgent.html",
      "versionRef": "7a67572bdc81e4a5a14ad7df931e6670681106f0",
      "Length": 39,
      "update_at": "2025-12-03T19:23:26.000Z"
    },
    {
      "shortPath": "l2/collabMessagesTaskPreviewAgent.less",
      "versionRef": "8dd5154fc745e396bd5e09e0c6a49b814175d3a1",
      "Length": 4783,
      "update_at": "2026-02-05T13:07:05.000Z"
    },
    {
      "shortPath": "l2/collabMessagesTaskPreviewAgent.test.ts",
      "versionRef": "07673fb0868fa88f253839495c5e0d4685ca3f1f",
      "Length": 269,
      "update_at": "2026-02-05T13:07:06.000Z"
    },
    {
      "shortPath": "l2/collabMessagesTaskPreviewAgent.ts",
      "versionRef": "bd84d02384e00522269514d5922a1a1fda70ce39",
      "Length": 12210,
      "update_at": "2026-02-05T13:07:07.000Z"
    },
    {
      "shortPath": "l2/collabMessagesTaskPreviewClarification.defs.ts",
      "versionRef": "44af73c112003f49dd94d81989689b366e166f08",
      "Length": 3845,
      "update_at": "2026-02-13T14:44:21.000Z"
    },
    {
      "shortPath": "l2/collabMessagesTaskPreviewClarification.html",
      "versionRef": "297c9c13feab40af72110b3591e50e6b5b43ee36",
      "Length": 47,
      "update_at": "2025-12-03T19:23:30.000Z"
    },
    {
      "shortPath": "l2/collabMessagesTaskPreviewClarification.less",
      "versionRef": "a38156ed450371c834a127ebe113a9aa9b1d5c01",
      "Length": 5041,
      "update_at": "2026-02-05T13:07:09.000Z"
    },
    {
      "shortPath": "l2/collabMessagesTaskPreviewClarification.test.ts",
      "versionRef": "bb30ce2974341b0a9ce9927aad3142cb5bac6d8c",
      "Length": 277,
      "update_at": "2026-02-05T13:07:10.000Z"
    },
    {
      "shortPath": "l2/collabMessagesTaskPreviewClarification.ts",
      "versionRef": "ccf7b0f3be301ea6f3b85b2e371df2e8009173ec",
      "Length": 7610,
      "update_at": "2026-02-05T13:07:12.000Z"
    },
    {
      "shortPath": "l2/collabMessagesTaskPreviewFlexible.defs.ts",
      "versionRef": "9d08999ae9ad187d5d7531210b3b97048ca797b6",
      "Length": 3295,
      "update_at": "2026-02-13T14:44:21.000Z"
    },
    {
      "shortPath": "l2/collabMessagesTaskPreviewFlexible.html",
      "versionRef": "5e41b804b5658b9ae97b9762a434f915450b665b",
      "Length": 42,
      "update_at": "2025-12-03T19:23:33.000Z"
    },
    {
      "shortPath": "l2/collabMessagesTaskPreviewFlexible.less",
      "versionRef": "055626c648c8fcce07a830084f28da8aaf5ffea2",
      "Length": 5032,
      "update_at": "2026-02-05T13:07:14.000Z"
    },
    {
      "shortPath": "l2/collabMessagesTaskPreviewFlexible.test.ts",
      "versionRef": "2514e50bb8c5ece1a8227d6621cb5bbd8ea79717",
      "Length": 272,
      "update_at": "2026-02-05T13:07:15.000Z"
    },
    {
      "shortPath": "l2/collabMessagesTaskPreviewFlexible.ts",
      "versionRef": "93fa7e374e4f5cc60396c897bcde67b5571eab37",
      "Length": 7508,
      "update_at": "2026-02-20T13:19:53.000Z"
    },
    {
      "shortPath": "l2/collabMessagesTaskPreviewResult.defs.ts",
      "versionRef": "c5522c10c7207f4f509c9ca6b8038512ed150437",
      "Length": 3349,
      "update_at": "2026-02-13T14:44:21.000Z"
    },
    {
      "shortPath": "l2/collabMessagesTaskPreviewResult.html",
      "versionRef": "12f0d1b23e191e3f33e41e5652cc7f80df79359c",
      "Length": 40,
      "update_at": "2025-12-03T19:23:37.000Z"
    },
    {
      "shortPath": "l2/collabMessagesTaskPreviewResult.less",
      "versionRef": "88680e816a7b64cb26d6f3eb61fd7639e5d947a4",
      "Length": 5027,
      "update_at": "2026-02-05T13:07:18.000Z"
    },
    {
      "shortPath": "l2/collabMessagesTaskPreviewResult.test.ts",
      "versionRef": "ed56a6b2fae81c6464810da819c9754055ea1343",
      "Length": 270,
      "update_at": "2026-02-05T13:07:20.000Z"
    },
    {
      "shortPath": "l2/collabMessagesTaskPreviewResult.ts",
      "versionRef": "c97d58add75122c2ab4a910cb6bce6b4293321c6",
      "Length": 4939,
      "update_at": "2026-02-05T13:07:21.000Z"
    },
    {
      "shortPath": "l2/collabMessagesTaskPreviewTools.defs.ts",
      "versionRef": "a677257cb3f46c96c5650d0c34d4f79fafe8264b",
      "Length": 2651,
      "update_at": "2026-02-13T14:44:21.000Z"
    },
    {
      "shortPath": "l2/collabMessagesTaskPreviewTools.html",
      "versionRef": "7403fa4f0cad2a36377df31c42b6700c3cf695a2",
      "Length": 39,
      "update_at": "2025-12-03T19:23:40.000Z"
    },
    {
      "shortPath": "l2/collabMessagesTaskPreviewTools.less",
      "versionRef": "6c05747452f351a3938d00bd2f15095f07605c04",
      "Length": 5026,
      "update_at": "2026-02-05T13:07:23.000Z"
    },
    {
      "shortPath": "l2/collabMessagesTaskPreviewTools.test.ts",
      "versionRef": "a086d952cd844361bb9985a455f7b45e093c2b21",
      "Length": 269,
      "update_at": "2026-02-05T13:07:24.000Z"
    },
    {
      "shortPath": "l2/collabMessagesTaskPreviewTools.ts",
      "versionRef": "4fc733d8c2db4507ba7053c636ab52950ec3fbde",
      "Length": 5488,
      "update_at": "2026-02-05T13:07:25.000Z"
    },
    {
      "shortPath": "l2/collabMessagesTasks.defs.ts",
      "versionRef": "37ee9af0cf871f65239fbdbde022306a6df168f8",
      "Length": 2384,
      "update_at": "2026-02-13T14:44:21.000Z"
    },
    {
      "shortPath": "l2/collabMessagesTasks.html",
      "versionRef": "830e356f7d6c7f5b7bf96e1dad56043dcc6f2e47",
      "Length": 28,
      "update_at": "2025-12-03T19:23:50.000Z"
    },
    {
      "shortPath": "l2/collabMessagesTasks.less",
      "versionRef": "a431ea4faddd515926e6a83dfb57a64448e0a2ce",
      "Length": 2215,
      "update_at": "2026-02-05T13:07:28.000Z"
    },
    {
      "shortPath": "l2/collabMessagesTasks.test.ts",
      "versionRef": "ce5f92ccab4bcdaaac32c92000418f3bfd956ce7",
      "Length": 258,
      "update_at": "2026-02-05T13:07:29.000Z"
    },
    {
      "shortPath": "l2/collabMessagesTasks.ts",
      "versionRef": "f9375f95ffd84089b816ef0bea8893d7a030d717",
      "Length": 3768,
      "update_at": "2026-02-05T13:07:30.000Z"
    },
    {
      "shortPath": "l2/collabMessagesTextCode.defs.ts",
      "versionRef": "ff9f45060b147f0b0b537d8d7b3e6741a0a6966b",
      "Length": 3969,
      "update_at": "2026-02-19T11:33:13.000Z"
    },
    {
      "shortPath": "l2/collabMessagesTextCode.html",
      "versionRef": "41d8d1a0e1bd4a1186c760c7a368a7ae9b824b40",
      "Length": 69,
      "update_at": "2025-12-03T19:23:54.000Z"
    },
    {
      "shortPath": "l2/collabMessagesTextCode.less",
      "versionRef": "164c7ed73587cf854418b734722313fa07f042c9",
      "Length": 6012,
      "update_at": "2026-02-05T13:07:32.000Z"
    },
    {
      "shortPath": "l2/collabMessagesTextCode.test.ts",
      "versionRef": "b0ecbeb7847af64650211c434f612b0862a72161",
      "Length": 261,
      "update_at": "2026-02-05T13:07:33.000Z"
    },
    {
      "shortPath": "l2/collabMessagesTextCode.ts",
      "versionRef": "821373cf98a7e1a49b618e8c8324750c67320031",
      "Length": 3725,
      "update_at": "2026-02-19T11:33:13.000Z"
    },
    {
      "shortPath": "l2/collabMessagesThreadDetails.defs.ts",
      "versionRef": "1bc7203e41f4b0544672d4fb1a15fcfaae48cdf6",
      "Length": 5541,
      "update_at": "2026-02-13T14:44:21.000Z"
    },
    {
      "shortPath": "l2/collabMessagesThreadDetails.html",
      "versionRef": "7a39f12b00837f83fb8d45acbef95fa2db2d258e",
      "Length": 79,
      "update_at": "2025-12-03T19:23:57.000Z"
    },
    {
      "shortPath": "l2/collabMessagesThreadDetails.less",
      "versionRef": "aad94e71c5ee2e9dd782a0b6b43a66d7bb7213b9",
      "Length": 5632,
      "update_at": "2026-02-05T13:07:37.000Z"
    },
    {
      "shortPath": "l2/collabMessagesThreadDetails.test.ts",
      "versionRef": "54195aa1715f438933ff91e1ed0750f35cd2a85f",
      "Length": 266,
      "update_at": "2026-02-05T13:07:38.000Z"
    },
    {
      "shortPath": "l2/collabMessagesThreadDetails.ts",
      "versionRef": "1882092a059c882764f236f3d3f1d056ff9ace54",
      "Length": 22767,
      "update_at": "2026-02-05T13:07:39.000Z"
    },
    {
      "shortPath": "l2/collabMessagesThreadModal.defs.ts",
      "versionRef": "d80be5b2fe51f82a32e9d594893b33801d7299d9",
      "Length": 3200,
      "update_at": "2026-02-13T14:44:21.000Z"
    },
    {
      "shortPath": "l2/collabMessagesThreadModal.html",
      "versionRef": "0f36c6e37ca095b297b95fac0da2bdc41534c7a0",
      "Length": 75,
      "update_at": "2025-12-03T19:24:00.000Z"
    },
    {
      "shortPath": "l2/collabMessagesThreadModal.less",
      "versionRef": "b473ad76f25e4600a3a6c79f92993efdc29072a8",
      "Length": 2371,
      "update_at": "2026-02-05T13:07:41.000Z"
    },
    {
      "shortPath": "l2/collabMessagesThreadModal.test.ts",
      "versionRef": "21f5becd6f2d0f62023e4095c5fac8ee0498125f",
      "Length": 264,
      "update_at": "2026-02-05T13:07:42.000Z"
    },
    {
      "shortPath": "l2/collabMessagesThreadModal.ts",
      "versionRef": "82a17c5e219787221f14833bbdbaaf2957e14861",
      "Length": 4267,
      "update_at": "2026-02-05T13:07:43.000Z"
    },
    {
      "shortPath": "l2/collabMessagesTopics.defs.ts",
      "versionRef": "3ea709dca2496913465d8a0891ea5d67767f2953",
      "Length": 3023,
      "update_at": "2026-02-13T14:44:21.000Z"
    },
    {
      "shortPath": "l2/collabMessagesTopics.html",
      "versionRef": "fc9712e05c918d969ee9ba2d17ef7e11ff7aad4b",
      "Length": 63,
      "update_at": "2025-12-03T19:24:04.000Z"
    },
    {
      "shortPath": "l2/collabMessagesTopics.less",
      "versionRef": "f2c0a252f83939ab540b013d021226f196a2284e",
      "Length": 1291,
      "update_at": "2026-02-05T13:07:46.000Z"
    },
    {
      "shortPath": "l2/collabMessagesTopics.test.ts",
      "versionRef": "9538439dcc4525d2bf571dda5f64459ccf0512a7",
      "Length": 259,
      "update_at": "2026-02-05T13:07:47.000Z"
    },
    {
      "shortPath": "l2/collabMessagesTopics.ts",
      "versionRef": "92ee9d4f7089bba171419b64e024632c4ee13da6",
      "Length": 4510,
      "update_at": "2026-02-05T13:07:48.000Z"
    },
    {
      "shortPath": "l2/collabMessagesUserModal.defs.ts",
      "versionRef": "2145d340096bf7dc05230b96fbac17c039efbd57",
      "Length": 3272,
      "update_at": "2026-02-13T14:44:21.000Z"
    },
    {
      "shortPath": "l2/collabMessagesUserModal.html",
      "versionRef": "e7c0691b46841133386cfbe687fd979a61b3ee45",
      "Length": 71,
      "update_at": "2025-12-03T19:24:07.000Z"
    },
    {
      "shortPath": "l2/collabMessagesUserModal.less",
      "versionRef": "0c5719fac394d61b39f97ec4803a41a7f61095a6",
      "Length": 2315,
      "update_at": "2026-02-05T13:07:50.000Z"
    },
    {
      "shortPath": "l2/collabMessagesUserModal.test.ts",
      "versionRef": "c8966ea8b952e17a4e58808f5846a3019b5b0292",
      "Length": 262,
      "update_at": "2026-02-05T13:07:51.000Z"
    },
    {
      "shortPath": "l2/collabMessagesUserModal.ts",
      "versionRef": "fa03bb9608ea29e3495093cef751b29dc87b8819",
      "Length": 4202,
      "update_at": "2026-02-05T13:07:53.000Z"
    },
    {
      "shortPath": "l2/designSystem.defs.ts",
      "versionRef": "a4981bb511ce1519e5ec7c7fcc4446ecca890f55",
      "Length": 2156,
      "update_at": "2026-02-13T14:44:21.000Z"
    },
    {
      "shortPath": "l2/designSystem.html",
      "versionRef": "407e94c1cf19a0a3117d9d391bd2a1dcb58b4471",
      "Length": 21,
      "update_at": "2025-12-01T14:48:32.000Z"
    },
    {
      "shortPath": "l2/designSystem.less",
      "versionRef": "04ffd3e71e4a516c1e6183753afcc876b896cfb9",
      "Length": 138,
      "update_at": "2026-02-05T13:07:55.000Z"
    },
    {
      "shortPath": "l2/designSystem.test.ts",
      "versionRef": "da1c68b9f67a16747d24a7b635e60b9cbbcf454d",
      "Length": 251,
      "update_at": "2026-02-05T13:07:56.000Z"
    },
    {
      "shortPath": "l2/designSystem.ts",
      "versionRef": "f02148624140f09ae7661d41aaae3043913c1d4e",
      "Length": 16165,
      "update_at": "2026-02-09T12:11:14.000Z"
    },
    {
      "shortPath": "l2/project.defs.ts",
      "versionRef": "be94a5028f13f8d6b756c0296d228de3590c51df",
      "Length": 1100,
      "update_at": "2026-02-13T14:44:21.000Z"
    },
    {
      "shortPath": "l2/project.html",
      "versionRef": "88a90cf32ef33346febb29387541246b1be9a2e0",
      "Length": 16,
      "update_at": "2025-12-01T14:48:36.000Z"
    },
    {
      "shortPath": "l2/project.less",
      "versionRef": "2863de68b33866c31c605c2adf5be88a576f7d63",
      "Length": 127,
      "update_at": "2026-02-05T13:08:00.000Z"
    },
    {
      "shortPath": "l2/project.test.ts",
      "versionRef": "67b0e0649b43605420bc37995367ef41f76ee983",
      "Length": 246,
      "update_at": "2026-02-05T13:08:01.000Z"
    },
    {
      "shortPath": "l2/project.ts",
      "versionRef": "c4808f06f952db0b7ef29625854d472fad28373f",
      "Length": 315,
      "update_at": "2026-02-09T12:11:16.000Z"
    },
    {
      "shortPath": "l2/serviceCollabMessages.defs.ts",
      "versionRef": "13491a00289bb0a2d8056e851362608b1a788cf9",
      "Length": 92,
      "update_at": "2026-02-05T13:08:03.000Z"
    },
    {
      "shortPath": "l2/serviceCollabMessages.html",
      "versionRef": "94f8495f6347a1694dab4e77b33df202455aa291",
      "Length": 30,
      "update_at": "2025-12-03T19:24:11.000Z"
    },
    {
      "shortPath": "l2/serviceCollabMessages.less",
      "versionRef": "16854b5a01d3aea56fef05d7766af92690eaacb8",
      "Length": 1236,
      "update_at": "2026-02-05T13:08:04.000Z"
    },
    {
      "shortPath": "l2/serviceCollabMessages.test.ts",
      "versionRef": "01b07db75e53b8ec8130a2cc5ef38ec80cd08c4e",
      "Length": 260,
      "update_at": "2026-02-05T13:08:05.000Z"
    },
    {
      "shortPath": "l2/serviceCollabMessages.ts",
      "versionRef": "029da4b13c07955e2ff14d4964ed3029c39ee947",
      "Length": 21248,
      "update_at": "2026-02-20T13:25:22.000Z"
    },
    {
      "shortPath": "l5/project.json",
      "versionRef": "dd83bc42f62f3501e7ace249f2769b1dc75a71c1",
      "Length": 375,
      "update_at": "2025-12-01T14:48:39.000Z"
    },
    {
      "shortPath": "l0/package.json",
      "versionRef": "e258f99d113c767303646c8c6e7b86a73de68c0c",
      "Length": 470,
      "update_at": "2025-12-01T14:47:28.000Z"
    },
    {
      "shortPath": "l0/tsconfig.json",
      "versionRef": "f631a300b5933b05930cd9f4bcd1b72ee38178e4",
      "Length": 1042,
      "update_at": "2025-12-04T19:24:23.000Z"
    }
  ]
}